"id","gender","age"
"2619377987","M","26-35"
"2621995588","F","16-25"
"2625101096","M","36-45"
"2626784417","F",">45"
"2629890586","M","36-45"
"2632294648","F","16-25"
"2634579003","F","36-45"
"2636752597","M","36-45"
"2639727448","F","36-45"
"2640831160","F","26-35"
"2642535274","M","26-35"
"2643908625","M","26-35"
"2646645619","M","26-35"
"2647569918","F","16-25"
"2650013766","M","16-25"
"2651617038","M","26-35"
"2654166034","F","36-45"
"2655189232","F","26-35"
"2656601860","F","26-35"
"2657464613","F","26-35"
"2659583538","M","26-35"
"2661067917","F","16-25"
"2663226161","M","36-45"
"2664563581","M","26-35"
"2667322833","M","16-25"
"2669427262","M","16-25"
"2672033094","F","16-25"
"2673666173","M","26-35"
"2675915067","M","36-45"
"2677587465","M","26-35"
"2680140334","F","36-45"
"2620536230","M","16-25"
"2622249258","F",">45"
"2625361624","F","36-45"
"2627271533","M","36-45"
"2630941195","M","26-35"
"2632937731","F",">45"
"2635926178","M","26-35"
"2638540084","M",">45"
"2639925106","M","16-25"
"2641356372","M","26-35"
"2642986233","F",">45"
"2645489120","F","26-35"
"2646713115","F",">45"
"2648237321","M","26-35"
"2650323114","F","36-45"
"2652347367","M",">45"
"2654198381","F",">45"
"2655422453","M","16-25"
"2656699450","M","16-25"
"2658478744","F","26-35"
"2660119289","F","26-35"
"2661579550","F","16-25"
"2663666770","F","16-25"
"2665845374","M","16-25"
"2667665598","M","16-25"
"2670246342","M","16-25"
"2672304059","F","26-35"
"2674308073","F",">45"
"2676089849","F","16-25"
"2677743732","M",">45"
"2680306195","M",">45"
"2682754762","M","16-25"
"2620652198","M","36-45"
"2622843012","F","26-35"
"2625465767","M",">45"
"2627893674","F",">45"
"2631062076","F","36-45"
"2633353637","M","26-35"
"2635932492","F","36-45"
"2638895428","M","16-25"
"2640028038","M","36-45"
"2641733077","M","36-45"
"2643046961","M","36-45"
"2645586167","M","26-35"
"2646777426","F","26-35"
"2648694437","F",">45"
"2650746097","F","36-45"
"2652690190","F","16-25"
"2654315856","F","26-35"
"2655518043","M","26-35"
"2656701932","M",">45"
"2658481831","F","26-35"
"2660121385","M","36-45"
"2661740991","M","26-35"
"2663670361","M",">45"
"2665990449","M",">45"
"2667768259","F","26-35"
"2670751112","M","36-45"
"2672321309","F","26-35"
"2674704729","F","36-45"
"2676123554","M",">45"
"2677746574","F",">45"
"2680440508","F","26-35"
"2621203399","M",">45"
"2623920828","F","16-25"
"2626486924","M",">45"
"2629493050","F","16-25"
"2631745901","F","26-35"
"2633695599","F","36-45"
"2636245389","M","26-35"
"2639208953","M","16-25"
"2640569891","F","26-35"
"2641923333","M","36-45"
"2643270295","F","36-45"
"2646121998","M","16-25"
"2647144085","F","26-35"
"2648701260","F","16-25"
"2651425595","M","26-35"
"2653433351","M","36-45"
"2654803944","F","26-35"
"2656017980","F",">45"
"2657111383","M","36-45"
"2659385912","M",">45"
"2660953619","M","36-45"
"2662456803","M","36-45"
"2663850146","M","36-45"
"2666858493","M","36-45"
"2668155130","M",">45"
"2671025976","F","26-35"
"2673480679","M",">45"
"2674897710","M",">45"
"2677276717","F","26-35"
"2679200937","F","26-35"
"2619314897","F","26-35"
"2621975855","M","36-45"
"2625100773","M",">45"
"2626776691","M","26-35"
"2629773859","F","26-35"
"2632293379","M","36-45"
"2634552998","M","16-25"
"2636684656","M","26-35"
"2639463818","F",">45"
"2640794696","M","36-45"
"2642534889","M","36-45"
"2643888437","M",">45"
"2646600991","M","16-25"
"2647536104","M",">45"
"2649978072","F",">45"
"2651596420","M","36-45"
"2654164063","F","36-45"
"2655057136","F",">45"
"2656601014","M","36-45"
"2657418012","F","26-35"
"2659530200","M","16-25"
"2660990619","M","26-35"
"2662783904","M",">45"
"2664468690","M","36-45"
"2667321691","F","26-35"
"2668960184","M",">45"
"2671703358","M","16-25"
"2673659888","M","16-25"
"2675860421","M","16-25"
"2677414066","M","26-35"
"2680140184","M","36-45"
"2620536839","F",">45"
"2622295680","F","26-35"
"2625377346","F","16-25"
"2627299211","M","36-45"
"2630941798","F",">45"
"2633279740","M","36-45"
"2635927960","M","26-35"
"2638741851","M",">45"
"2639925288","M","16-25"
"2641521382","F",">45"
"2642989496","M","16-25"
"2645490007","M","36-45"
"2646764882","F","16-25"
"2648692460","M","16-25"
"2650416775","M","16-25"
"2652658292","M","26-35"
"2654220017","F","16-25"
"2655463248","F","26-35"
"2656699583","F","16-25"
"2658479107","M","16-25"
"2660119571","F","16-25"
"2661579830","M","36-45"
"2663667296","F",">45"
"2665896976","M","26-35"
"2667704897","M","36-45"
"2670318116","F",">45"
"2672314231","M","26-35"
"2674352056","M","26-35"
"2676117331","M","36-45"
"2677744673","F",">45"
"2680342863","F","26-35"
"2620707438","F","36-45"
"2622944529","M",">45"
"2625467918","F","26-35"
"2627897087","M",">45"
"2631071386","M","26-35"
"2633365999","M","16-25"
"2635935970","M",">45"
"2639049250","M","16-25"
"2640031101","F","36-45"
"2641734253","F","36-45"
"2643074963","F","16-25"
"2645630155","M",">45"
"2646779595","M","36-45"
"2648694944","F",">45"
"2650746716","F","26-35"
"2652691254","F","16-25"
"2654368237","F","36-45"
"2655528014","F","36-45"
"2656750158","F","36-45"
"2658482942","M","26-35"
"2660298597","F","36-45"
"2661742014","F","36-45"
"2663695568","M","26-35"
"2665993585","M","26-35"
"2667786974","F","26-35"
"2670760346","F","26-35"
"2672342429","M","26-35"
"2674736468","F","26-35"
"2676181753","M",">45"
"2677847266","F",">45"
"2680482733","F","16-25"
"2621938968","M","26-35"
"2624683514","F","36-45"
"2626579666","M","16-25"
"2629641411","M","36-45"
"2632170496","F","36-45"
"2634533471","F",">45"
"2636515324","F","26-35"
"2639281815","M","16-25"
"2640689860","F",">45"
"2642078197","F","36-45"
"2620767040","F","26-35"
"2623795394","F","26-35"
"2626101411","M",">45"
"2628545885","F","26-35"
"2631130112","M","16-25"
"2633488470","M","36-45"
"2636004245","M","26-35"
"2639068465","F","36-45"
"2640202444","M","26-35"
"2641816445","M","16-25"
"2643116796","F","16-25"
"2645665936","F","36-45"
"2646944652","F","16-25"
"2648697234","M","26-35"
"2650939686","F","26-35"
"2652836882","F","16-25"
"2654405485","M","16-25"
"2655572780","M","26-35"
"2656831710","F","16-25"
"2658606491","F",">45"
"2660421061","M",">45"
"2662427692","F",">45"
"2663774704","M",">45"
"2666538990","M",">45"
"2667852458","F","36-45"
"2670802640","M","36-45"
"2672521682","F","36-45"
"2674860201","M",">45"
"2676561892","M","36-45"
"2678701355","M","26-35"
"2681034226","F",">45"
"2621936814","F","16-25"
"2624133097","F",">45"
"2626542898","F",">45"
"2629526682","F",">45"
"2632162679","M","26-35"
"2634180290","M",">45"
"2636343241","M",">45"
"2639255742","F","36-45"
"2640649202","F","16-25"
"2642077042","M","16-25"
"2643618971","M",">45"
"2646122432","F","26-35"
"2647253077","M","36-45"
"2649148181","M","16-25"
"2651443691","F","16-25"
"2653435930","F","36-45"
"2654960057","F","36-45"
"2656176733","F","36-45"
"2657214001","F","26-35"
"2659470136","F",">45"
"2660955643","F","36-45"
"2662580878","F","36-45"
"2664294581","M","36-45"
"2667183621","F",">45"
"2668323519","M","16-25"
"2671140229","F","16-25"
"2673523113","M",">45"
"2674982499","M",">45"
"2677328351","M","36-45"
"2679702256","M","26-35"
"2681504227","F","26-35"
"2619313458","F","16-25"
"2621939251","M","26-35"
"2625085055","M","16-25"
"2626715732","F",">45"
"2629704456","M","16-25"
"2632190465","M","26-35"
"2634549878","M","26-35"
"2636535200","F","26-35"
"2639327938","F","16-25"
"2640691022","M",">45"
"2642078917","M","26-35"
"2643795214","F","16-25"
"2646153187","M",">45"
"2647398827","M","26-35"
"2649863854","M",">45"
"2651537873","F",">45"
"2653775509","M","26-35"
"2654961544","M","36-45"
"2656238755","F",">45"
"2657270028","M","16-25"
"2659471269","F","36-45"
"2660959727","F","26-35"
"2662695566","M","16-25"
"2664462566","M","36-45"
"2667314464","F","36-45"
"2668957091","F","26-35"
"2671255244","F","36-45"
"2673613758","F",">45"
"2675354628","F","36-45"
"2677388794","F","16-25"
"2680110538","M","16-25"
"2620534880","F","36-45"
"2622132653","F","26-35"
"2625286723","M",">45"
"2627047221","M","36-45"
"2630803045","F",">45"
"2632498002","M","16-25"
"2635386984","F",">45"
"2637832408","M","26-35"
"2639923966","F","16-25"
"2641304683","M","26-35"
"2642625028","F","16-25"
"2645438477","F","36-45"
"2646704270","F",">45"
"2648233608","F",">45"
"2650219255","M","26-35"
"2652226871","M","36-45"
"2654190941","F",">45"
"2655393286","M",">45"
"2656694414","F",">45"
"2658437539","M","26-35"
"2659791232","M",">45"
"2661185081","M",">45"
"2663639191","F",">45"
"2665841991","F","26-35"
"2667451007","M","16-25"
"2669558374","M","26-35"
"2672165745","M",">45"
"2674144821","M","26-35"
"2675944893","F","26-35"
"2677715922","F",">45"
"2680277148","F","36-45"
"2620720358","F","26-35"
"2623763575","M","36-45"
"2625755646","F","36-45"
"2628402963","M",">45"
"2631128147","M",">45"
"2633475820","F","26-35"
"2635992198","M","36-45"
"2639068234","F","16-25"
"2640066738","F",">45"
"2641773382","F","16-25"
"2643112320","M","26-35"
"2645655010","M","16-25"
"2646871023","M","36-45"
"2648697102","F","16-25"
"2650938488","M","26-35"
"2652787582","F","26-35"
"2654369888","F","16-25"
"2655572308","F","36-45"
"2656776691","F","36-45"
"2658491768","F",">45"
"2660300682","F","26-35"
"2662037598","M",">45"
"2663766551","M",">45"
"2666190169","F","26-35"
"2667850785","F",">45"
"2670793897","F","36-45"
"2672506765","F",">45"
"2674852512","M",">45"
"2676561298","F","36-45"
"2678124200","F","16-25"
"2680946493","M","36-45"
"2621937644","F","36-45"
"2624230861","M","36-45"
"2626546062","M","26-35"
"2629528353","M","16-25"
"2632163947","M","16-25"
"2634245894","F","16-25"
"2636358148","F","26-35"
"2639281185","M","26-35"
"2640653538","M","36-45"
"2642077954","F","26-35"
"2643794257","M","16-25"
"2646123343","M","36-45"
"2647272392","M",">45"
"2649277343","M","36-45"
"2651469151","F",">45"
"2653518885","M","36-45"
"2654960885","F","36-45"
"2656178774","M","26-35"
"2657256406","M","26-35"
"2659470383","F","36-45"
"2660956582","M","16-25"
"2662623370","F","16-25"
"2664461852","F","26-35"
"2667247826","F",">45"
"2668954040","M","36-45"
"2671152605","F",">45"
"2673532275","M","16-25"
"2675039671","F","26-35"
"2677331703","F",">45"
"2679958944","F","16-25"
"2619313537","M","36-45"
"2621940180","M","36-45"
"2625099637","F","26-35"
"2626758491","F","36-45"
"2629706642","M","16-25"
"2632196695","F",">45"
"2634550286","M","36-45"
"2636571409","M","36-45"
"2639354507","F",">45"
"2640691390","M","16-25"
"2642080883","M",">45"
"2643796105","M","16-25"
"2646244927","F","36-45"
"2647430582","M","26-35"
"2649974386","M","16-25"
"2651561689","M",">45"
"2654159804","M","36-45"
"2654962618","M",">45"
"2656275905","M","26-35"
"2657307406","F","16-25"
"2659472842","M","16-25"
"2660960214","M",">45"
"2662709916","M",">45"
"2664463464","M","36-45"
"2667314941","M","36-45"
"2668958435","F","36-45"
"2671702040","F","16-25"
"2673643074","F","16-25"
"2675511864","M",">45"
"2677400364","M","26-35"
"2680116908","M","16-25"
"2620540387","M",">45"
"2622570646","M","26-35"
"2625421337","F","16-25"
"2627892933","M",">45"
"2630999216","M",">45"
"2633353513","M","36-45"
"2635929454","M","16-25"
"2638762522","F",">45"
"2639975184","M","26-35"
"2641711484","M","36-45"
"2643016056","F","26-35"
"2645583761","M","16-25"
"2621936486","M","16-25"
"2623952257","F",">45"
"2626541593","F","16-25"
"2629499842","F",">45"
"2632162104","F","16-25"
"2634135681","M","16-25"
"2636271412","M","36-45"
"2639240212","M",">45"
"2640632263","F","36-45"
"2642068160","M",">45"
"2643615389","F","26-35"
"2646122399","F",">45"
"2647189977","M","16-25"
"2648974220","M",">45"
"2651439151","F","16-25"
"2653435883","M","16-25"
"2654959658","F","26-35"
"2656140945","M","26-35"
"2657146235","M",">45"
"2659468848","M","16-25"
"2660955082","M","16-25"
"2662545572","F","36-45"
"2664281697","M","16-25"
"2667080655","M","36-45"
"2668292505","M","16-25"
"2671122587","F","36-45"
"2673522569","M","16-25"
"2674960156","F","26-35"
"2677326165","F",">45"
"2679626519","M","36-45"
"2619488536","F","16-25"
"2622030980","M",">45"
"2625101982","M","16-25"
"2626812120","M","36-45"
"2630153970","M",">45"
"2632303150","F","26-35"
"2634583041","F","16-25"
"2637312832","F","36-45"
"2639920909","F",">45"
"2641133124","F",">45"
"2642535542","F",">45"
"2644072795","M","16-25"
"2646645709","F",">45"
"2647570191","F","16-25"
"2650044819","F","36-45"
"2651631380","M","16-25"
"2654187773","F",">45"
"2655258927","F",">45"
"2656643555","F","16-25"
"2657487728","M",">45"
"2659628680","F","36-45"
"2661072990","F",">45"
"2663228898","F","26-35"
"2664571178","M","16-25"
"2667327014","F","26-35"
"2669428391","M","36-45"
"2672132877","M",">45"
"2673668360","M","26-35"
"2675915768","M","26-35"
"2677593953","F",">45"
"2680141087","M","36-45"
"2681692038","M",">45"
"2620252800","M","26-35"
"2622091383","F",">45"
"2625183934","F",">45"
"2626909077","M","26-35"
"2630471824","F","26-35"
"2632408686","F","36-45"
"2635183493","M",">45"
"2637351945","F","16-25"
"2639922716","M",">45"
"2641303918","F",">45"
"2642577834","M",">45"
"2645344318","F","36-45"
"2646700814","F",">45"
"2648193597","M","16-25"
"2650158501","F","26-35"
"2652062860","M","16-25"
"2654190530","F","36-45"
"2655392400","F","16-25"
"2656694003","M","26-35"
"2658091745","F","26-35"
"2659752624","F","16-25"
"2661140221","F","36-45"
"2663340386","F","26-35"
"2665820192","M",">45"
"2667408524","M","26-35"
"2669429589","M",">45"
"2672163227","F","26-35"
"2673802211","M",">45"
"2675939525","M","36-45"
"2677638591","M",">45"
"2680218549","M","16-25"
"2620718582","M","26-35"
"2623761270","M","26-35"
"2625754844","F","36-45"
"2628319712","F",">45"
"2631107888","M","16-25"
"2633381670","M",">45"
"2635940745","M","16-25"
"2639064106","F","16-25"
"2640039945","M","26-35"
"2641736335","M",">45"
"2643091495","M","36-45"
"2645651241","F","26-35"
"2646820552","F","26-35"
"2648696184","M","26-35"
"2650936406","F","36-45"
"2652776443","M","36-45"
"2654369016","M",">45"
"2655571354","F",">45"
"2656761637","F","26-35"
"2658484978","M","26-35"
"2660300239","M","16-25"
"2661848274","F","26-35"
"2663697412","M",">45"
"2666062271","F",">45"
"2667849014","M","26-35"
"2670789637","M","26-35"
"2672366038","M","26-35"
"2674761466","F","36-45"
"2676220562","F","16-25"
"2678038628","M","16-25"
"2680774524","F","36-45"
"2621770123","F","16-25"
"2623923253","F","26-35"
"2626516261","F",">45"
"2629493800","F",">45"
"2631951088","F","16-25"
"2633696120","M","16-25"
"2636261191","F",">45"
"2639215428","M",">45"
"2640605752","M","26-35"
"2641938852","F","26-35"
"2643316975","M","36-45"
"2646122167","F",">45"
"2647146931","M","26-35"
"2648927863","F","36-45"
"2651436450","F","36-45"
"2653434056","F","36-45"
"2654958985","F","16-25"
"2656018319","F","26-35"
"2657115137","F","26-35"
"2659445619","F",">45"
"2660954355","M","16-25"
"2662485042","F",">45"
"2663948677","F",">45"
"2667040606","F","36-45"
"2668274542","F","36-45"
"2671048209","M","16-25"
"2673504971","M","26-35"
"2674920148","M","26-35"
"2677311934","M",">45"
"2679321378","M",">45"
"2619795653","M","26-35"
"2622073491","F","16-25"
"2625103390","M","16-25"
"2626863049","F",">45"
"2630155201","F","36-45"
"2632342788","F",">45"
"2634734134","M","26-35"
"2637344713","M","36-45"
"2639921336","M",">45"
"2641133451","M","26-35"
"2642536592","F","16-25"
"2645310293","F","36-45"
"2646646867","F","16-25"
"2647570939","M","26-35"
"2650064490","M","36-45"
"2651692242","M",">45"
"2654190227","M","36-45"
"2655367444","F","36-45"
"2656650653","M",">45"
"2657493147","F","36-45"
"2659657942","M","26-35"
"2661091310","F",">45"
"2663229252","F","26-35"
"2664582316","F","16-25"
"2667358365","F",">45"
"2669428781","M",">45"
"2672141128","M","36-45"
"2673712090","F","36-45"
"2675937775","F","36-45"
"2677600277","F","26-35"
"2680149892","M","16-25"
"2620337542","F","16-25"
"2622131983","F","36-45"
"2625247091","F","36-45"
"2627031157","M","26-35"
"2630560804","F","36-45"
"2632464724","M",">45"
"2635184545","F","36-45"
"2637749641","F","36-45"
"2639923443","F","36-45"
"2641304310","F","36-45"
"2642578420","M","36-45"
"2645400793","F","36-45"
"2646702912","F","26-35"
"2648233333","F","36-45"
"2650175583","F","26-35"
"2652223827","F",">45"
"2654190594","F","26-35"
"2655392726","M","36-45"
"2656694244","F","26-35"
"2658092111","F",">45"
"2659787160","F",">45"
"2661153753","M",">45"
"2663589546","F","36-45"
"2665824387","M","36-45"
"2667414617","M","26-35"
"2669432084","M",">45"
"2672165562","F","16-25"
"2673834561","F","16-25"
"2675944264","M",">45"
"2677656865","M","16-25"
"2680265862","F",">45"
"2620889957","F","36-45"
"2623894517","M","16-25"
"2626476715","F","36-45"
"2629146959","F","16-25"
"2631212640","M","36-45"
"2633536062","M","26-35"
"2636209277","F",">45"
"2639111172","M",">45"
"2640503151","F",">45"
"2641912150","F","36-45"
"2643167680","F","26-35"
"2646119608","M","36-45"
"2647056004","M","26-35"
"2648699968","F","16-25"
"2651176677","F","36-45"
"2652955947","M","36-45"
"2654463844","F","26-35"
"2655679181","M",">45"
"2656974963","F",">45"
"2658896258","F","26-35"
"2660910042","F","26-35"
"2662451953","F","26-35"
"2663802012","F","16-25"
"2666727907","M","26-35"
"2667924499","F","36-45"
"2670917101","F",">45"
"2673006486","F","26-35"
"2674874483","M",">45"
"2676914386","F","36-45"
"2679085252","F","36-45"
"2681396329","M","36-45"
"2683367032","F",">45"
"2683658333","F","26-35"
"2682946021","M","26-35"
"2620535400","M","26-35"
"2622194207","F","16-25"
"2625344386","M",">45"
"2627162661","M","36-45"
"2630941148","F","36-45"
"2632936433","M","36-45"
"2635508824","M","16-25"
"2638167105","M","16-25"
"2639924653","M",">45"
"2641344196","M",">45"
"2642985824","F","16-25"
"2645488410","F","26-35"
"2646708468","F","16-25"
"2648236413","F",">45"
"2650284658","F","36-45"
"2652232254","F","26-35"
"2654193635","M",">45"
"2655396622","F","36-45"
"2656695448","M","36-45"
"2658478158","M","26-35"
"2659855382","M","36-45"
"2661298221","F","16-25"
"2663665763","F","16-25"
"2665844020","F",">45"
"2667660773","M","36-45"
"2669770862","F","26-35"
"2672202163","M","36-45"
"2674146170","M","16-25"
"2676062216","M","36-45"
"2677742957","M","36-45"
"2680303290","M","26-35"
"2620785007","M",">45"
"2623802030","F",">45"
"2626463120","M","36-45"
"2628579132","F",">45"
"2631154774","M","36-45"
"2633497144","F","36-45"
"2636074487","F","36-45"
"2639073662","F","36-45"
"2640253849","M","36-45"
"2641860390","F","16-25"
"2643125309","M","36-45"
"2645945194","F","16-25"
"2647019840","F","36-45"
"2648698125","M","36-45"
"2650940407","F","36-45"
"2652837502","M",">45"
"2654434274","F","16-25"
"2655592426","M",">45"
"2656965588","F","26-35"
"2658612024","F","26-35"
"2660493051","M","26-35"
"2662431616","F",">45"
"2663786386","M",">45"
"2666725935","F",">45"
"2667853813","F","16-25"
"2670826127","M","36-45"
"2672542134","F","36-45"
"2674863339","M","16-25"
"2676722175","F","26-35"
"2678702464","F","26-35"
"2681179816","M","36-45"
"2683368733","M","16-25"
"2620924590","F","16-25"
"2623907298","M",">45"
"2626480182","F","36-45"
"2629491191","F","36-45"
"2631254269","M","26-35"
"2633536670","F","16-25"
"2636225670","M","16-25"
"2639159518","M","36-45"
"2640507233","F","36-45"
"2641913039","F","26-35"
"2643168721","M","16-25"
"2646120834","F","16-25"
"2647089784","M","26-35"
"2648700187","M","36-45"
"2651324395","M","26-35"
"2653275038","F","36-45"
"2654507323","F","36-45"
"2655735005","F","36-45"
"2656986879","M",">45"
"2658954076","F","16-25"
"2660936441","F","16-25"
"2662454523","M","26-35"
"2663843007","F",">45"
"2666728072","F","16-25"
"2667963476","M","26-35"
"2670959460","M","36-45"
"2673108425","F","26-35"
"2674879215","F","36-45"
"2677193792","M",">45"
"2679087495","F","36-45"
"2619313702","M","36-45"
"2621950552","F","16-25"
"2625100548","M","36-45"
"2626772337","M","26-35"
"2629706801","M",">45"
"2632261489","M",">45"
"2634551259","M",">45"
"2636626813","M",">45"
"2639395211","M","16-25"
"2640713966","M","26-35"
"2642365084","M",">45"
"2643798213","F",">45"
"2646592070","F","16-25"
"2647474012","F",">45"
"2649976381","F",">45"
"2651575688","F",">45"
"2654162763","M",">45"
"2654962701","F","36-45"
"2656600111","M","26-35"
"2657364782","M","36-45"
"2659508932","F","16-25"
"2660987215","F","16-25"
"2662783467","M","36-45"
"2664464762","F","36-45"
"2667320967","F","16-25"
"2668959085","F","16-25"
"2671702202","F","16-25"
"2673654811","F",">45"
"2675607761","M",">45"
"2677404336","M",">45"
"2680137805","F","36-45"
"2620535274","F","16-25"
"2622187764","F","36-45"
"2625294330","F",">45"
"2627116437","F",">45"
"2630940491","M","26-35"
"2632773364","F","36-45"
"2635418241","F","36-45"
"2637997912","M","16-25"
"2639924077","F","16-25"
"2641306598","M","16-25"
"2642828242","M","26-35"
"2645458270","F","36-45"
"2646706519","F","36-45"
"2648235214","F","16-25"
"2650221196","M","26-35"
"2652228167","M","16-25"
"2654192844","F","36-45"
"2655395565","M","16-25"
"2656694953","F",">45"
"2658476271","M","36-45"
"2659820209","M",">45"
"2661250328","F","36-45"
"2663665442","F","36-45"
"2665843591","M",">45"
"2667550725","M","36-45"
"2669737791","F","36-45"
"2672196705","F","16-25"
"2674145414","M","26-35"
"2675972979","M","26-35"
"2677740735","F","36-45"
"2680287112","F","36-45"
"2620812955","F","16-25"
"2623845598","M",">45"
"2626473153","F","36-45"
"2628852220","M","36-45"
"2631168081","M","26-35"
"2633501114","M",">45"
"2636156410","F","26-35"
"2639075205","F",">45"
"2640491800","M",">45"
"2641892507","F",">45"
"2643147637","M","36-45"
"2646119449","F","26-35"
"2647049500","F","36-45"
"2648699720","F",">45"
"2651082647","F","36-45"
"2652923402","M","16-25"
"2654439747","M",">45"
"2655647350","M",">45"
"2656970083","M","16-25"
"2658675191","M","36-45"
"2660706407","M",">45"
"2662449883","F","36-45"
"2663790310","F",">45"
"2666727739","M","36-45"
"2667885906","M","36-45"
"2670832589","M","16-25"
"2673004485","F","26-35"
"2674868729","M",">45"
"2676723142","M","36-45"
"2678702800","M","16-25"
"2681392350","M","26-35"
"2621202467","F","36-45"
"2623914682","M","36-45"
"2626485057","F","16-25"
"2629492706","M","16-25"
"2631573846","M",">45"
"2633674978","F","16-25"
"2636233025","M","26-35"
"2639206733","F",">45"
"2640533929","M","36-45"
"2641917788","M","16-25"
"2643179004","F","36-45"
"2646121137","F",">45"
"2647142657","F","36-45"
"2648700702","F",">45"
"2651413886","F","16-25"
"2653432674","M","16-25"
"2654523757","F","16-25"
"2656017789","F",">45"
"2657055619","M","16-25"
"2659056976","M","16-25"
"2660952966","F","26-35"
"2662454888","F","26-35"
"2663848994","M",">45"
"2666728845","F","36-45"
"2668106495","F",">45"
"2670970294","F",">45"
"2673415791","F","36-45"
"2674882960","M",">45"
"2677229678","M","26-35"
"2679089479","F","36-45"
"2620116893","F","16-25"
"2622081531","M","26-35"
"2625134429","M","26-35"
"2626906763","M","16-25"
"2630356001","F","36-45"
"2632343494","F",">45"
"2634900944","F","26-35"
"2637346476","F",">45"
"2639921985","F",">45"
"2641303513","F","36-45"
"2642538666","F","36-45"
"2645313269","F","16-25"
"2643794472","M","26-35"
"2646124061","M","26-35"
"2647344767","F","26-35"
"2649562275","F","26-35"
"2651510248","M","16-25"
"2653552644","M","26-35"
"2654961286","M","36-45"
"2656179967","M",">45"
"2657260392","M","26-35"
"2659470985","F",">45"
"2660958672","M","26-35"
"2662629382","M",">45"
"2664462303","F","16-25"
"2667314427","F","36-45"
"2668956484","M","36-45"
"2671227971","F","26-35"
"2673556570","M",">45"
"2675065908","M","36-45"
"2677385158","M","26-35"
"2680011358","M","16-25"
"2681424792","F","16-25"
"2681541740","F","36-45"
"2681411369","F","36-45"
"2646651097","M","36-45"
"2647571283","M",">45"
"2650132118","F","36-45"
"2651761210","M",">45"
"2654190367","M","16-25"
"2655370944","M","36-45"
"2656659275","M","16-25"
"2658089814","F","16-25"
"2659677823","M",">45"
"2661120640","F","16-25"
"2663290037","M","16-25"
"2664635572","F","16-25"
"2667406580","M",">45"
"2669428953","F","36-45"
"2672162171","F","36-45"
"2673755475","F",">45"
"2675938629","M","16-25"
"2677608482","F","16-25"
"2680172994","F",">45"
"2681606948","F","36-45"
"2682191390","M","16-25"
"2681593576","M","16-25"
"2646766159","F","36-45"
"2648693333","M",">45"
"2650745292","F","36-45"
"2652660506","M","36-45"
"2654267858","F","26-35"
"2655507380","M",">45"
"2656699998","F","16-25"
"2658480902","M",">45"
"2660120269","F","16-25"
"2661740464","F","26-35"
"2663667646","F","36-45"
"2665975186","M","26-35"
"2667742495","M","16-25"
"2670388870","M",">45"
"2672319794","F","16-25"
"2674666362","M",">45"
"2676120947","M",">45"
"2677744887","M",">45"
"2680381608","F",">45"
"2682614073","F",">45"
"2682802327","F",">45"
"2682294620","F",">45"
